<?xml version="1.1" encoding="UTF-8" ?>
<!DOCTYPE sla-profile [

<!ELEMENT sla-profile (description?, sla-threshold*)>
<!ATTLIST sla-profile
    uid CDATA #REQUIRED
    uniqueKey CDATA #REQUIRED>

<!ELEMENT description (#PCDATA)>
	
<!ELEMENT sla-threshold ((threshold-condition )*)>
<!ATTLIST sla-threshold
	uid CDATA #REQUIRED
	percent CDATA #IMPLIED
	identifier CDATA #REQUIRED
	enabled CDATA #REQUIRED
	family CDATA #REQUIRED>

<!ELEMENT threshold-condition (#PCDATA)>
<!ATTLIST threshold-condition
    severity CDATA #REQUIRED
    durationKind CDATA #REQUIRED
    durationNumber CDATA #REQUIRED
    operator CDATA #REQUIRED
    valueMin CDATA #REQUIRED
    valueMax CDATA #REQUIRED>

]>
<sla-profile name="fastfail" uid="e78c781a-6ab6-406e-a6d7-5ce22e6f1c09">
<description/>
<sla-threshold enabled="false" family="PER_RUN" identifier="AVERAGE_REQUEST_RESPONSE_TIME" percent="1" uid="86d1acf0-f4bd-4863-b9bd-5559fb621716"/>
<sla-threshold enabled="false" family="PER_RUN" identifier="AVERAGE_PAGE_RESPONSE_TIME" percent="1" uid="cb69e525-0d95-47dd-9283-7f415766d899"/>
<sla-threshold enabled="false" family="PER_RUN" identifier="AVERAGE_CONTAINER_RESPONSE_TIME" percent="1" uid="af1bbba0-5f02-4fac-b51b-3a327dccc8dd"/>
<sla-threshold enabled="false" family="PER_RUN" identifier="PERCENTILE_CONTAINER_RESPONSE_TIME" percent="1" uid="a2b20c59-9a1c-4592-a461-a478459741de"/>
<sla-threshold enabled="false" family="PER_RUN" identifier="AVERAGE_HITS_PER_SECOND" percent="1" uid="33f44d86-dff2-4c37-a57e-c908021e805a"/>
<sla-threshold enabled="false" family="PER_RUN" identifier="AVERAGE_THROUGHPUT_PER_SECOND" percent="1" uid="5abe8665-d43b-4c03-a448-a44c0d1a556f"/>
<sla-threshold enabled="false" family="PER_RUN" identifier="TOTAL_ERRORS" percent="1" uid="0af46308-e437-4a5f-a3ad-39f73eff697c"/>
<sla-threshold enabled="false" family="PER_RUN" identifier="TOTAL_HITS" percent="1" uid="25ac5a4a-eb89-41ba-877b-ba9816557c14"/>
<sla-threshold enabled="false" family="PER_RUN" identifier="TOTAL_THROUGHPUT" percent="1" uid="6ff4d1e1-91f9-436d-9266-0530e0cab759"/>
<sla-threshold enabled="false" family="PER_RUN" identifier="ERROR_PERCENTILE" percent="1" uid="860a2fec-b3c0-40e1-8bd8-612d0b73199a"/>
<sla-threshold enabled="true" family="PER_TIME_INTERVAL" identifier="AVERAGE_RESPONSE_TIME" percent="1" uid="ead450ff-3f69-437a-94b6-9e693984c733">
<threshold-condition durationKind="NB_OF_TIMES" durationNumber="1" operator="GREATER_THAN" severity="LOW" valueMax="Infinity" valueMin="2.0"/>
<threshold-condition durationKind="NB_OF_TIMES" durationNumber="1" operator="GREATER_THAN" severity="HIGH" valueMax="Infinity" valueMin="10.0"/>
</sla-threshold>
<sla-threshold enabled="false" family="PER_TIME_INTERVAL" identifier="AVERAGE_HITS_PER_SECOND" percent="1" uid="2bcfea08-ff82-4b7c-856c-32ff3efbd04b"/>
<sla-threshold enabled="false" family="PER_TIME_INTERVAL" identifier="AVERAGE_THROUGHPUT_PER_SECOND" percent="1" uid="b3d11a75-0731-46ea-b73e-33901a2fac7c"/>
<sla-threshold enabled="true" family="PER_TIME_INTERVAL" identifier="ERRORS_PER_SECOND" percent="1" uid="41104419-1787-42cc-a606-cf278f3b3d67">
<threshold-condition durationKind="NB_OF_TIMES" durationNumber="1" operator="GREATER_THAN" severity="HIGH" valueMax="Infinity" valueMin="10.0"/>
<threshold-condition durationKind="NB_OF_TIMES" durationNumber="1" operator="GREATER_THAN" severity="LOW" valueMax="Infinity" valueMin="1.0"/>
</sla-threshold>
<sla-threshold enabled="false" family="PER_TIME_INTERVAL" identifier="ERROR_PERCENTILE" percent="1" uid="92ea60e8-c291-445b-b125-4110be940142">
<threshold-condition durationKind="NB_OF_TIMES" durationNumber="1" operator="GREATER_THAN" severity="HIGH" valueMax="Infinity" valueMin="20.0"/>
<threshold-condition durationKind="NB_OF_TIMES" durationNumber="1" operator="GREATER_THAN" severity="LOW" valueMax="Infinity" valueMin="10.0"/>
</sla-threshold>
</sla-profile>
